data:text/csv;charset=utf-8,Link_id,distance(m),speed(KPH)
0,142.39827473958334,10.810777321673168
0,284.75762261284723,10.807040725969756
0,427.0789930555556,10.803379057803653
0,569.2494032118055,10.788904564043072
0,711.4198133680555,10.788906877555794
0,853.7858072916666,10.807698264548362
0,996.2609863281251,10.818159153276607
1,142.39827473958334,10.810777321673168
1,284.75762261284723,10.807040725969756
1,427.0789930555556,10.803379057803653
1,569.2494032118055,10.788904564043072
1,711.4198133680555,10.788906877555794
1,853.6908637152777,10.798572627791543
1,995.8470323350695,10.787557794004822
1,1137.6053873697915,10.749435824561788
1,1278.4029134114583,10.657741341827457
1,1418.0069986979167,10.54450645282741
1,1556.0834418402778,10.400627981977848
1,1694.508327907986,10.433341170938181
1,1833.3110894097222,10.46886801621089
1,1971.3077799479167,10.393134046805889
1,2111.8318684895835,10.6320402887394
1,2259.8375108506943,11.358393416003375
1,2412.215304904514,11.79752732924257
1,2566.002061631945,11.94155809961138
2,142.39827473958334,10.810777321673168
2,284.75762261284723,10.807040725969756
2,427.0789930555556,10.803379057803653
2,569.2494032118055,10.788904564043072
2,711.4198133680555,10.788906877555794
2,853.6908637152777,10.798572627791543
2,995.8470323350695,10.787557794004822
2,1137.6053873697915,10.749435824561788
2,1278.4029134114583,10.657741341827457
2,1418.0069986979167,10.54450645282741
2,1556.0834418402778,10.400627981977848
2,1694.508327907986,10.433341170938181
2,1833.3110894097222,10.46886801621089
2,1971.3077799479167,10.393134046805889
2,2111.8318684895835,10.6320402887394
2,2259.8375108506943,11.358393416003375
2,2412.215304904514,11.79752732924257
2,2565.9375,11.934952700212337
2,2719.6815321180557,11.937171892688843
2,2873.4654405381943,11.941274045676897
2,3028.079155815972,12.02679805450345
2,3181.410183376736,11.894916639338621
2,3331.9270833333335,11.609016080466894
2,3485.257161458333,11.895260192243915
2,3649.956732855903,13.105833763551935
2,3821.524522569445,13.88271339595204
2,3993.2252332899307,13.89812117574724
2,4165.60763888889,13.977597413309628
3,142.39827473958334,10.810777321673168
3,284.75762261284723,10.807040725969756
3,427.0789930555556,10.803379057803653
3,569.2494032118055,10.788904564043072
3,711.4198133680555,10.788906877555794
3,853.6908637152777,10.798572627791543
3,995.8470323350695,10.787557794004822
3,1137.6053873697915,10.749435824561788
3,1278.4029134114583,10.657741341827457
3,1418.0069986979167,10.54450645282741
3,1556.0834418402778,10.400627981977848
3,1694.508327907986,10.433341170938181
3,1833.3110894097222,10.46886801621089
3,1971.3077799479167,10.393134046805889
3,2111.8318684895835,10.6320402887394
3,2259.8375108506943,11.358393416003375
3,2412.215304904514,11.79752732924257
3,2565.9375,11.934952700212337
3,2719.6815321180557,11.937171892688843
3,2873.4654405381943,11.941274045676897
3,3028.079155815972,12.02679805450345
3,3181.410183376736,11.894916639338621
3,3331.9270833333335,11.609016080466894
3,3485.257161458333,11.895260192243915
3,3649.956732855903,13.105833763551935
3,3821.524522569445,13.88271339595204
3,3993.2252332899307,13.89812117574724
3,4165.65700954861,13.983420441400458
3,4338.878716362848,14.076174870816171
3,4512.352023654515,14.10579293231017
3,4685.215793185764,14.03412114916612
3,4863.153347439236,14.645369195446841
3,5059.239366319444,17.053948418705826
3,5265.290662977431,18.564407856683097
3,5474.074435763889,19.009125935439226
3,5682.626546223959,18.97085386216147
3,5890.393473307292,18.841855373374802
3,6095.971950954861,18.488220895813743
3,6298.955620659722,18.07975805996946
4,142.39827473958334,10.810777321673168
4,284.75762261284723,10.807040725969756
4,427.0789930555556,10.803379057803653
4,569.2494032118055,10.788904564043072
4,711.4198133680555,10.788906877555794
4,853.6908637152777,10.798572627791543
4,995.8470323350695,10.787557794004822
4,1137.6053873697915,10.749435824561788
4,1278.4029134114583,10.657741341827457
4,1418.0069986979167,10.54450645282741
4,1556.0834418402778,10.400627981977848
4,1694.508327907986,10.433341170938181
4,1833.3110894097222,10.46886801621089
4,1971.3077799479167,10.393134046805889
4,2111.8318684895835,10.6320402887394
4,2259.8375108506943,11.358393416003375
4,2412.215304904514,11.79752732924257
4,2565.9375,11.934952700212337
4,2719.6815321180557,11.937171892688843
4,2873.4654405381943,11.941274045676897
4,3028.079155815972,12.02679805450345
4,3181.410183376736,11.894916639338621
4,3331.9270833333335,11.609016080466894
4,3485.257161458333,11.895260192243915
4,3649.956732855903,13.105833763551935
4,3821.524522569445,13.88271339595204
4,3993.2252332899307,13.89812117574724
4,4165.65700954861,13.983420441400458
4,4338.878716362848,14.076174870816171
4,4512.352023654515,14.10579293231017
4,4685.215793185764,14.03412114916612
4,4863.153347439236,14.645369195446841
4,5059.239366319444,17.053948418705826
4,5265.290662977431,18.564407856683097
4,5474.074435763889,19.009125935439226
4,5682.626546223959,18.97085386216147
4,5890.393473307292,18.841855373374802
4,6095.955810546875,18.48556675882258
4,6298.225504557292,17.969706950290792
4,6496.719292534723,17.40033291718686
4,6691.582912868924,16.87319281707183
4,6886.12799750434,16.827823815352527
4,7082.510715060763,17.0912447962981
4,7280.150485568575,17.27418953308257
4,7478.600124782986,17.393429598310394
4,7677.933688693576,17.5246517081701
4,7877.759060329861,17.598107528080657
4,8077.552625868055,17.593345038040212
4,8276.70152452257,17.497080413747224
4,8475.812445746527,17.491450903761496
4,8674.842664930555,17.47943236503988
5,142.39827473958334,10.810777321673168
5,284.75762261284723,10.807040725969756
5,427.0789930555556,10.803379057803653
5,569.2494032118055,10.788904564043072
5,711.4198133680555,10.788906877555794
5,853.6908637152777,10.798572627791543
5,995.8470323350695,10.787557794004822
5,1137.6053873697915,10.749435824561788
5,1278.4029134114583,10.657741341827457
5,1418.0069986979167,10.54450645282741
5,1556.0834418402778,10.400627981977848
5,1694.508327907986,10.433341170938181
5,1833.3110894097222,10.46886801621089
5,1971.3077799479167,10.393134046805889
5,2111.8318684895835,10.6320402887394
5,2259.8375108506943,11.358393416003375
5,2412.215304904514,11.79752732924257
5,2565.9375,11.934952700212337
5,2719.6815321180557,11.937171892688843
5,2873.4654405381943,11.941274045676897
5,3028.079155815972,12.02679805450345
5,3181.410183376736,11.894916639338621
5,3331.9270833333335,11.609016080466894
5,3485.257161458333,11.895260192243915
5,3649.956732855903,13.105833763551935
5,3821.524522569445,13.88271339595204
5,3993.2252332899307,13.89812117574724
5,4165.65700954861,13.983420441400458
5,4338.878716362848,14.076174870816171
5,4512.352023654515,14.10579293231017
5,4685.215793185764,14.03412114916612
5,4863.153347439236,14.645369195446841
5,5059.239366319444,17.053948418705826
5,5265.290662977431,18.564407856683097
5,5474.074435763889,19.009125935439226
5,5682.626546223959,18.97085386216147
5,5890.393473307292,18.841855373374802
5,6095.955810546875,18.48556675882258
5,6298.225504557292,17.969706950290792
5,6496.719292534723,17.40033291718686
5,6691.582912868924,16.87319281707183
5,6886.12799750434,16.827823815352527
5,7082.510715060763,17.0912447962981
5,7280.150485568575,17.27418953308257
5,7478.600124782986,17.393429598310394
5,7677.933688693576,17.5246517081701
5,7877.759060329861,17.598107528080657
5,8077.552625868055,17.593345038040212
5,8276.70152452257,17.497080413747224
5,8475.808648003473,17.490839406636645
5,8674.826999240451,17.477696119303378
5,8873.800726996527,17.470933256054828
5,9071.456637912326,17.27689738979241
5,9264.786444769967,16.656458636834802
5,9460.804104275174,17.039360021379554
5,9660.631374782986,17.598484969142078
5,9861.262817382812,17.719470609609445
5,10061.945529513889,17.727254755524168
5,10262.87841796875,17.76517568053745
5,10463.605516221789,17.734008579885273
5,10664.169074164496,17.709232372184946
5,10865.214708116318,17.782394188780597
5,11066.273396809895,17.784117811725036
5,11267.115139431424,17.751440559440816
6,142.39827473958334,10.810777321673168
6,284.75762261284723,10.807040725969756
6,427.0789930555556,10.803379057803653
6,569.2494032118055,10.788904564043072
6,711.4198133680555,10.788906877555794
6,853.6908637152777,10.798572627791543
6,995.8470323350695,10.787557794004822
6,1137.6053873697915,10.749435824561788
6,1278.4029134114583,10.657741341827457
6,1418.0069986979167,10.54450645282741
6,1556.0834418402778,10.400627981977848
6,1694.508327907986,10.433341170938181
6,1833.3110894097222,10.46886801621089
6,1971.3077799479167,10.393134046805889
6,2111.8318684895835,10.6320402887394
6,2259.8375108506943,11.358393416003375
6,2412.215304904514,11.79752732924257
6,2565.9375,11.934952700212337
6,2719.6815321180557,11.937171892688843
6,2873.4654405381943,11.941274045676897
6,3028.079155815972,12.02679805450345
6,3181.410183376736,11.894916639338621
6,3331.9270833333335,11.609016080466894
6,3485.257161458333,11.895260192243915
6,3649.956732855903,13.105833763551935
6,3821.524522569445,13.88271339595204
6,3993.2252332899307,13.89812117574724
6,4165.65700954861,13.983420441400458
6,4338.878716362848,14.076174870816171
6,4512.352023654515,14.10579293231017
6,4685.215793185764,14.03412114916612
6,4863.153347439236,14.645369195446841
6,5059.239366319444,17.053948418705826
6,5265.290662977431,18.564407856683097
6,5474.074435763889,19.009125935439226
6,5682.626546223959,18.97085386216147
6,5890.393473307292,18.841855373374802
6,6095.955810546875,18.48556675882258
6,6298.225504557292,17.969706950290792
6,6496.719292534723,17.40033291718686
6,6691.582912868924,16.87319281707183
6,6886.12799750434,16.827823815352527
6,7082.510715060763,17.0912447962981
6,7280.150485568575,17.27418953308257
6,7478.600124782986,17.393429598310394
6,7677.933688693576,17.5246517081701
6,7877.759060329861,17.598107528080657
6,8077.552625868055,17.593345038040212
6,8276.70152452257,17.497080413747224
6,8475.808648003473,17.490839406636645
6,8674.826999240451,17.477696119303378
6,8873.800726996527,17.470933256054828
6,9071.456637912326,17.27689738979241
6,9264.786444769967,16.656458636834802
6,9460.804104275174,17.039360021379554
6,9660.631374782986,17.598484969142078
6,9861.262817382812,17.719470609609445
6,10061.945529513889,17.727254755524168
6,10262.87841796875,17.76517568053745
6,10463.605516221789,17.734008579885273
6,10664.169074164496,17.709232372184946
6,10865.214708116318,17.782394188780597
6,11066.273396809895,17.784117811725036
6,11267.115139431424,17.751440559440816
7,907.1412489149305,10.822824998219025
7,1049.2024739583333,10.778443914850703
7,1190.675998263889,10.722213132378299
7,1331.0557725694443,10.618016057094932
7,1470.0398763020833,10.48597796110361
7,1607.9264322916667,10.382815312612516
7,1746.7064073350696,10.466721109961268
7,1885.3135850694443,10.45047283771653
7,2023.4185112847222,10.403304906955855
7,2166.6465928819443,10.891175090373713
7,2316.8065049913193,11.573269914279741
7,2469.9514431423613,11.875794537021164
7,2623.759087456597,11.943725117085712
7,2777.4129231770835,11.927928655159612
7,2931.5889485677085,11.981648732926327
7,3086.0545518663193,12.011496334005377
7,3238.2282172309024,11.776776310955444
7,3388.75745985243,11.610251438873366
7,3545.6821017795137,12.268643738291383
7,3714.3037923177085,13.544800185941115
7,3886.067165798611,13.90540696344422
7,4057.977701822916,13.922544029877995
7,4230.765516493056,14.025174773849143
7,4404.103054470486,14.089832143546216
7,4577.48046875,14.094497941781789
7,4750.449625651042,14.04654398860362
7,4934.873725043403,15.463862889376674
7,5136.054416232639,17.805518764680198
7,5343.752034505208,18.830628666057237
7,5552.534857855903,19.009039492207837
7,5760.91037326389,18.941702764238425
7,5968.046875,18.739045609040655
7,6172.383490668402,18.291380838483263
7,6373.306884765625,17.763981213150863
7,6570.2203369140625,17.16864484949777
7,6764.5717366536455,16.800361118059033
7,6959.768608940972,16.920795513333005
7,7156.6982014973955,17.170525904989432
7,7354.666002061632,17.32243707917618
7,7553.494466145833,17.44945026167625
7,7753.006049262153,17.551255230125562
7,7952.910698784722,17.609997490869528
7,8152.41943359375,17.550725444653203
7,8351.568332248264,17.497149916384224
7,8550.626559787326,17.483488795968693
7,8749.644436306424,17.477654429806833
7,8948.408338758682,17.439909157625348
7,9144.571261935764,17.060033185753674
7,9337.703111436631,16.628651339862536
7,9535.698920355904,17.326875675077197
7,9736.023220486111,17.6731495626438
7,9936.70640733507,17.727296689603865
7,10137.47551812066,17.740342207449682
7,10338.420274522568,17.766935161496647
7,10539.004245334201,17.71237823379106
7,10739.710693359375,17.730767694599805
7,10940.819464789498,17.791891821625335
7,11141.65788438585,17.75086312306675
7,11339.826965332031,17.3524057989374
7,11537.324795193143,17.253874713642738
7,11743.714565700955,18.623578247388963
7,11964.024013943143,21.065408824063258
7,12188.006117078992,21.784037243866056
7,12411.671108669705,21.719768845765387
7,12634.796583387586,21.61196431855793
8,2278.289794921875,11.925405479389546
8,2431.939832899305,11.927508256442815
8,2585.714246961805,11.94030626215533
8,2739.425048828125,11.933774904174271
8,2893.3447265625,11.955258079865423
8,3047.9593912760415,12.026871907409546
8,3200.9182400173613,11.856812172209507
8,3351.2955729166665,11.594956389572552
8,3505.6956651475693,12.005515723679455
8,3671.871609157986,13.269646087028738
8,3843.5998535156245,13.901316439574419
8,4015.30531141493,13.898658020223001
8,4187.925075954861,14.00546929163324
8,4361.187608506944,14.080966780692336
8,4534.629584418402,14.10213061602584
8,4707.43923611111,14.027719465648856
8,4887.338324652778,14.88842325825052
8,5085.393473307292,17.339752292815334
8,5292.095133463542,18.669010547463586
8,5500.925428602431,19.016805961546435
8,5709.418674045139,18.961132354755016
8,5917.010904947917,18.813285148855773
8,6122.145521375868,18.417525522112346
8,6323.949517144097,17.8982841859607
8,6521.906873914931,17.321317662324326
8,6716.534559461806,16.83964434082573
8,6911.255289713542,16.852836907184177
8,7107.884385850694,17.126771600830125
8,7305.58586968316,17.283339723092865
8,7504.215426974827,17.419967248605445
8,7703.609754774306,17.533687562616233
8,7903.4716796875,17.603639694170045
8,8103.158433702256,17.577361456571463
8,8302.307332356771,17.497080413747028
8,8501.397840711805,17.48833796664013
8,8700.416191948783,17.477696119303378
8,8899.317762586805,17.46036933847698
8,9096.563991970486,17.216933701657673
8,9289.586181640625,16.613259969492127
8,9486.365763346354,17.14940148780918
8,9686.41377766927,17.63161522982196
8,9887.065633138021,17.722618001757276
8,10087.770419650607,17.730550097054735
8,10288.715176052518,17.766935161496615
8,10489.393378363715,17.726643995910294
8,10689.964531792535,17.7103979368604
8,10891.073303222656,17.791820658043314
8,11092.099948459201,17.779363781403923
9,3930.254855685764,13.837777188959073
9,4102.342936197916,13.943304577174429
9,4275.304497612847,14.045566190481516
9,4448.722737630208,14.099293699906077
9,4621.910264756944,14.072182445364517
9,4796.009250217015,14.180519600081057
9,4985.491943359375,16.133462163264902
9,5189.133572048611,18.183688793615058
9,5397.455919053819,18.93313473312245
9,5606.148546006944,18.99402520769799
9,5814.373101128473,18.916862793420155
9,6020.90576171875,18.64133912248622
9,6224.395480685764,18.15868846903328
9,6424.354722764757,17.618666045222056
9,6620.315416124132,17.030592959611543
9,6814.523451063368,16.77996749923825
9,7010.27336968316,16.99998429444766
9,7207.568495008681,17.223852526631873
9,7405.7228597005205,17.349880846818916
9,7604.726969401041,17.475543424317657
9,7804.386189778645,17.573329274407026
9,8004.286566840278,17.609340587127456
9,8203.632948133682,17.52654487347683
9,8402.781846788193,17.49708041374671
9,8601.806369357639,17.478585070099438
9,8800.817125108508,17.47654336182694
9,8999.231635199652,17.388352457327564
9,9194.117567274305,16.876908680876415
9,9388.167995876736,16.758363397835446
9,9587.151692708334,17.47277967676242
9,9787.631225585938,17.696514802014654
9,9988.314412434896,17.727296689603865
9,10189.150933159723,17.750553433284235
9,10390.018073187934,17.755246215451503
9,10590.581631130643,17.709232372185106
9,10791.427883572049,17.752051972650953
9,10992.536417643229,17.791799659219212
9,11193.01998562283,17.697294746336333
9,11390.337660047742,17.22738495606651
9,11589.098002115887,17.440219417953365
9,11799.307115342883,19.25477591604813
9,12021.631266276043,21.454862565445325
9,12245.591057671441,21.779377302744397
9,12469.109124077691,21.690645209409894
9,12692.076517740885,21.580586721744577
10,5830.932210286458,18.916698840905863
10,6037.237006293403,18.604601478376946
10,6240.4718017578125,18.118980632418953
10,6440.115831163194,17.57136291468213
10,6635.823499891493,16.994113143844178
10,6830.050523546007,16.7826571033448
10,7025.943332248264,17.020546815155257
10,7223.316786024306,17.23531641221829
10,7421.528116861979,17.358235636484515
10,7620.586344401043,17.483627649140214
10,7820.305853949653,17.582343927242334
10,8020.190565321181,17.607048984468108
10,8219.486626519098,17.518987039929637
10,8418.631252712674,17.496496538246106
10,8617.64912923177,17.47758503630917
10,8816.652289496527,17.475390668424346
10,9014.952392578125,17.37144339532965
10,9209.428168402777,16.818605869611204
10,9403.854098849826,16.81160012353457
10,9603.079427083334,17.50859428081015
10,9803.606906467014,17.703855825649356
10,10004.28961859809,17.727254755524363
10,10205.146789550781,17.753726467308894
10,10405.983547634549,17.750574411802464
10,10606.547105577256,17.709232372184946
10,10807.43655734592,17.758637813339305
10,11008.545091417102,17.79179965921937
10,11209.429083930121,17.757871325115996
11,8246.807590060764,17.473460321493352
11,8445.80552842882,17.47458522079867
11,8644.823404947918,17.47765442980703
11,8843.812798394098,17.473349266340268
11,9041.868421766494,17.335402313406142
11,9235.709025065104,16.728551083711928
11,9430.886433919271,16.918710466292293
11,9630.401814778646,17.55186855670103
11,9831.008572048611,17.715804918949033
11,10031.691284179688,17.727254755524363
11,10232.584296332465,17.759094506126917
11,10433.368835449219,17.742768706477374
11,10633.932393391926,17.709232372184946
11,10834.896613226996,17.76993467710361
11,11035.995178222656,17.790277294488742
11,11235.973171657986,17.621301003131382
11,11432.852206759984,17.16320845814302
11,11633.196207682293,17.677778553476582
11,11846.729058159723,19.826398508928722
11,12070.042877197266,21.650307155192603
11,12293.91579522027,21.7619352641296
11,12517.340816921658,21.671917483817847
12,10529.504191080729,17.668391235507737
12,10730.199483235676,17.72921567531084
12,10931.308254665799,17.791820658043076
12,11132.286003960502,17.771983568544346
13,12677.064039442273,17.298106728556732
14,11230.998840332031,15.790813287514387
15,9919.16558159722,15.777695073632
15,10106.099514431424,15.785316418001866
15,10293.169216579861,15.803236894872361
15,10480.002034505209,15.771900630884872
15,10666.73326280382,15.758573325397037
15,10853.902655707465,15.816430814606537
15,11041.116672092014,15.8223778227809
15,11227.378879123264,15.696832303343015
15,11410.889858669705,15.339903893394586
15,11598.887396918402,15.928645442287367
15,11805.856797960068,18.730287060980018
15,12032.775387234158,22.39479258694065
15,12262.332458496094,22.95736781541651
15,12491.312272813586,22.83129930577487
15,12719.808943006727,22.726572969034912
15,12949.01116265191,22.879672775932725
15,13178.67694430881,22.981540105863132
15,13405.005933973523,22.266660402451844
16,8236.005384657119,15.9519037308141
16,8424.131808810766,15.943779863056323
16,8611.892700195312,15.894955908694287
16,8799.629380967883,15.891750703228109
16,8986.597968207465,15.789930661616424
16,9170.050320095486,15.332859102399926
16,9350.291680230035,14.926579278429275
16,9534.061618381076,15.373170399618711
16,9719.801161024307,15.628312911558044
16,9906.252780490451,15.721659919028237
16,10093.153483072916,15.780943891768933
16,10280.223185221355,15.803236894872684
16,10467.079264322916,15.775008206294704
16,10653.810729980469,15.758593356531348
16,10840.946417914496,15.811891173302126
16,11028.167555067273,15.823342402103217
16,11214.55579969618,15.71344078029576
16,11398.013373480902,15.33312172671008
16,11581.639709472656,15.354769348838596
16,11771.141628689236,16.13013172781658
16,11967.713996039496,17.119201223737562
16,12165.918680826824,17.357172551410688
16,12364.086812337238,17.351910500229458
16,12562.08986070421,17.32744065281917
17,7004.800347222222,15.692457588698984
17,7191.16224500868,15.709902280626816
17,7378.129408094618,15.789689812375508
17,7565.768296983507,15.878793443827256
17,7753.6777750651045,15.914783061529958
17,7941.213650173611,15.865037960643258
17,8128.852064344617,15.878753271199583
17,8316.852213541668,15.926853323630462
17,8504.734157986111,15.911110770774096
17,8692.495524088541,15.894996096082066
17,8880.067952473959,15.869951228842138
17,9066.069539388021,15.662754839814808
17,9247.350531684027,15.057043451484642
17,9429.605170355902,15.180096928343067
17,9615.522257486979,15.651587352940151
17,9802.366468641494,15.773404222836373
17,9989.279513888889,15.782528278405126
17,10176.280381944443,15.794104169848774
17,10363.324449327258,15.799864423609485
17,10550.055914984809,15.75859335653136
17,10736.918402777777,15.775790106492614
17,10924.141438802084,15.823623816401778
17,11111.310831705729,15.816430814606537
18,5641.772325303819,18.940389594377898
18,5849.806043836806,18.88556301175893
18,6055.893893771701,18.56974347275239
18,6258.321668836806,17.994303156473364
18,6454.631754557292,17.081966245721723
18,6642.902967664931,15.964002714172333
18,6827.089708116319,15.426708370884757
18,7012.196926540799,15.545894132522323
18,7198.4914143880205,15.701048251580337
18,7385.481838650174,15.792799948069192
18,7573.14208984375,15.881573409449192
18,7761.052042643229,15.914823267230062
18,7948.5703531901045,15.862702653087116
18,8136.230129665799,15.881594000497287
18,8324.229804144965,15.926813106842435
18,8512.102728949652,15.909920516413589
18,8699.863620334201,15.89495590869444
18,8887.401394314236,15.865319961905232
18,9073.289998372396,15.647998310200164
18,9254.30894639757,15.02410739413494
18,9435.999620225693,15.108602643728084
18,9620.959201388889,15.526715297439795
18,9807.151624891492,15.687664036995592
18,9993.807373046875,15.748598141536275
18,10180.800170898438,15.793060721077165
18,10367.836168077258,15.798760368452479
18,10554.567633734809,15.758593356531025
18,10741.441514756943,15.777354187342775
18,10928.66455078125,15.82350288875968
18,11115.76914469401,15.80781461279319
18,11300.874701605902,15.545931676310964
18,11484.71442328559,15.382266045258921
18,11678.337843153211,16.703355967768264
18,11895.177815755207,20.430027474867995
18,12124.463111029732,22.898093151464515
18,12353.812374538846,22.91192989349899
18,12582.5952996148,22.788450886262847
18,12811.195102267795,22.748696944201836
18,13040.826110839844,22.973903111995778
18,13269.525604248047,22.771116370462405
18,13494.578374226887,22.002135710875574
19,3930.254855685764,13.837777188959073
19,4102.342936197916,13.943304577174429
19,4275.304497612847,14.045566190481516
19,4448.722737630208,14.099293699906077
19,4621.910264756944,14.072182445364517
19,4796.009250217015,14.180519600081057
19,4985.491943359375,16.133462163264902
19,5189.133572048611,18.183688793615058
19,5397.455919053819,18.93313473312245
19,5606.148546006944,18.99402520769799
19,5814.373101128473,18.916862793420155
19,6020.90576171875,18.64133912248622
19,6224.065077039931,18.107507253384924
19,6421.674940321181,17.270961343169695
19,6611.168551974826,16.128679781117935
19,6795.6410725911455,15.463702204586616
19,6980.441623263889,15.506067767804936
19,7166.586100260416,15.681354382891143
19,7353.474460177952,15.779299380077179
19,7541.042141384548,15.869306771628208
19,7728.949720594617,15.914500361848352
19,7916.545410156251,15.873072921050216
19,8104.113091362848,15.869246069693622
19,8292.113240559896,15.926853323630139
19,8480.026041666666,15.915308267567355
19,8667.787407769098,15.89499609608222
19,8855.423923068576,15.8784103299856
19,9041.78961859809,15.710581679866491
19,9223.590901692707,15.122746811783212
19,9404.632636176217,15.026900806442804
19,9589.273681640625,15.485458557837607
19,9775.297105577258,15.665428648663179
19,9961.880696614582,15.73914792836199
19,10148.841688368055,15.788867210617326
19,10335.911390516494,15.803236894872684
19,10522.666829427084,15.761698985782607
19,10709.456685384115,15.76628817077929
19,10896.679958767361,15.823643877387225
19,11083.870476616754,15.819182936613974
19,11269.517686631943,15.616444881380623
19,11452.42435031467,15.26250905428048
19,11637.142537434895,15.495747428545336
19,11829.12129720052,16.46923554279958
19,12026.742553710938,17.27161586546457
19,12224.910922580295,17.351793900382397
19,12423.079172770184,17.35192089198904
19,12621.001875135635,17.315750856347172
20,2835.275336371528,11.91273075580369
20,2989.733344184028,12.01071567941554
20,3143.69384765625,11.959500036875603
20,3294.6949598524307,11.657866583360576
20,3446.4546712239585,11.734865501226198
20,3608.031548394097,12.764607345550878
20,3778.9461263020835,13.8071023163062
20,3950.640190972222,13.897354356008309
20,4122.854546440972,13.95798430182702
20,4295.895860460069,14.05495810940584
20,4469.350179036459,14.103574848681475
20,4642.451307508681,14.062011062385645
20,4817.474093967014,14.29107662320403
20,5009.223090277778,16.443211116237446
20,5213.746744791667,18.321767481419997
20,5422.284613715277,18.968544251481354
20,5630.934516059028,18.987089607504405
20,5839.053683810764,18.899525793935922
20,6045.270657009549,18.59046631152927
20,6247.938164605034,18.03133887089952
20,6444.641791449652,17.13886525325582
20,6633.275214301215,16.01257858014599
20,6817.503255208333,15.432037492899108
20,7002.526448567709,15.535062312332311
20,7188.7900797526045,15.69695232071685
20,7375.750122070313,15.788726747915467
20,7563.381890190973,15.877826366411735
20,7751.2908935546875,15.91474285583004
20,7938.83293999566,15.865863453815294
20,8126.4642333984375,15.877786194706484
20,8314.464382595486,15.92685332363031
20,8502.34917534722,15.911534750512873
20,8690.110541449652,15.894996096082389
20,8877.694363064236,15.871461578480274
20,9063.725857204861,15.666704741453163
20,9245.061916775174,15.06393658734467
20,9427.260538736979,15.172974397590188
20,9613.153889973959,15.648517037042723
20,9799.992404513889,15.772622314500635
20,9986.905449761285,15.782528278405278
20,10173.904418945312,15.793883481428665
20,10360.952758789062,15.800406351922097
20,10547.684224446615,15.758533230570935
20,10734.540066189236,15.774988167667985
20,10921.763102213543,15.823623816401948
20,11108.934393988715,15.81659127551118
21,1730.3932020399307,10.53308797170375
21,1869.2244466145833,10.471569750787726
21,2007.2401258680554,10.39492697178728
21,2149.5567491319443,10.803398739243807
21,2299.1280110677085,11.514279399762325
21,2452.0849609375,11.85658187323565
21,2605.8726671006943,11.941652784920974
21,2759.550238715278,11.930357443701947
21,2913.6094835069443,11.969608301163017
21,3068.1519911024307,12.019441475147007
21,3220.6873914930557,11.813616770954043
21,3371.079915364583,11.596491533873174
21,3526.778835720486,12.140308635991124
21,3694.3048773871524,13.420941970325043
21,3866.101481119792,13.909293565992831
21,4037.9161241319443,13.911339696717327
21,4210.624186197917,14.015846604574255
21,4383.926595052083,14.085656645831145
21,4557.339138454861,14.098649170204595
21,4730.147840711806,14.027642395772183
21,4912.380642361111,15.182566049675692
21,5112.182752821181,17.598231138649798
21,5319.465467664931,18.763093922651827
21,5528.290066189236,19.01589575742617
21,5736.728244357639,18.95199434357043
21,5944.077419704861,18.77371975930261
21,6148.718329535591,18.3394021287716
21,6348.732164171007,17.627127693484518
21,6541.3128662109375,16.552910453851364
21,6726.97265625,15.618215874947676
21,6911.22063530816,15.434584430094558
21,7097.03375922309,15.638013956638414
21,7283.600260416667,15.736806077270197
21,7470.869818793403,15.829733324161353
21,7658.771226671007,15.91373395159337
21,7846.538764105902,15.895883568721986
21,8033.997260199653,15.854732197142194
21,8221.902940538193,15.914278603155084
21,8409.903089735244,15.926853323630294
21,8597.666829427084,15.895379545532972
21,8785.428195529514,15.895056932350677
21,8972.496473524305,15.803056228182081
21,9156.356608072916,15.385138049227056
21,9336.527235243055,14.917817141830414
21,9520.075005425348,15.34471901788554
21,9705.706787109375,15.61419694399874
21,9892.125176323785,15.717300068613229
21,10078.97935655382,15.77484789728018
21,10266.049058702256,15.803236894872377
21,10452.931484646268,15.778436982296
21,10639.66295030382,15.758593356531348
21,10826.760898166232,15.807011596550037
21,11013.983934190539,15.82350288875985
21,11200.516730414498,15.732463164638103
21,11384.279310438367,15.37220602251064
21,11570.851745605469,15.73904723220218
21,11774.200473361545,18.15189237400308
21,11999.45315890842,22.051115340355665
21,12229.098646375869,22.976806700261484
21,12458.173048231338,22.85165002435489
21,12686.695471869576,22.732201082067924
21,12915.722164577908,22.84173978915451
21,13145.482118394639,23.001994090995574
21,13372.38510131836,22.387658414892012
22,907.1412489149305,10.822824998219025
22,1049.2024739583333,10.778443914850703
22,1190.675998263889,10.722213132378299
22,1331.0557725694443,10.618016057094932
22,1470.0398763020833,10.48597796110361
22,1607.9264322916667,10.382815312612516
22,1746.7064073350696,10.466721109961268
22,1885.3135850694443,10.45047283771653
22,2023.4185112847222,10.403304906955855
22,2166.6465928819443,10.891175090373713
22,2316.8065049913193,11.573269914279741
22,2469.9514431423613,11.875794537021164
22,2623.759087456597,11.943725117085712
22,2777.4129231770835,11.927928655159612
22,2931.5889485677085,11.981648732926327
22,3086.0545518663193,12.011496334005377
22,3238.2282172309024,11.776776310955444
22,3388.75745985243,11.610251438873366
22,3545.6821017795137,12.268643738291383
22,3714.3037923177085,13.544800185941115
22,3886.067165798611,13.90540696344422
22,4057.977701822916,13.922544029877995
22,4230.765516493056,14.025174773849143
22,4404.103054470486,14.089832143546216
22,4577.48046875,14.094497941781789
22,4750.449625651042,14.04654398860362
22,4934.873725043403,15.463862889376674
22,5136.054416232639,17.805518764680198
22,5343.752034505208,18.830628666057237
22,5552.534857855903,19.009039492207837
22,5760.91037326389,18.941702764238425
22,5968.046875,18.739045609040655
22,6172.249620225694,18.27045022450554
22,6371.567043728299,17.523023753120142
22,6563.12995062934,16.411791363896857
22,6748.357272677951,15.561771420106503
22,6932.775675455729,15.456588216124857
22,7118.68374294705,15.650411052751831
22,7305.319078233507,15.745914833236656
22,7492.721082899305,15.847288013121164
22,7680.6243896484375,15.914016641075909
22,7868.338758680555,15.888767493388974
22,8055.797729492187,15.85483297389086
22,8243.765597873264,15.922654906571532
22,8431.74058702257,15.923502039409518
22,8619.501478407117,15.894955908694117
22,8807.224392361111,15.889916419829712
22,8994.140285915799,15.782949539218063
22,9177.338663736979,15.300415733688656
22,9357.653130425348,14.935709230083654
22,9541.57735188802,15.39306309169737
22,9727.343953450521,15.63195739014657
22,9913.82073296441,15.72486046298853
22,10100.734490288629,15.782588404613167
22,10287.804192437066,15.80323689487253
22,10474.646504720053,15.773183717867997
22,10661.377970377604,15.758533230570615
22,10848.533121744791,15.81462316050062
22,11035.750223795572,15.822759525883978
22,11222.064649793838,15.703745903513475
22,11405.419447157117,15.320016432456784
22,11589.176805284287,15.3715366549172
22,11778.996073404947,16.173201821291578
22,11975.748358832465,17.14526617078118
22,12173.94770304362,17.35656742920941
22,12372.115953233508,17.351783508705573
22,12570.107845730252,17.326053090727573
23,142.39827473958334,10.810777321673168
23,284.75762261284723,10.807040725969756
23,427.0789930555556,10.803379057803653
23,569.2494032118055,10.788904564043072
23,711.4198133680555,10.788906877555794
23,853.6908637152777,10.798572627791543
23,995.8470323350695,10.787557794004822
23,1137.6053873697915,10.749435824561788
23,1278.4029134114583,10.657741341827457
23,1418.0069986979167,10.54450645282741
23,1556.0834418402778,10.400627981977848
23,1694.508327907986,10.433341170938181
23,1833.3110894097222,10.46886801621089
23,1971.3077799479167,10.393134046805889
23,2111.8318684895835,10.6320402887394
23,2259.8375108506943,11.358393416003375
23,2412.215304904514,11.79752732924257
23,2565.9375,11.934952700212337
23,2719.6815321180557,11.937171892688843
23,2873.4654405381943,11.941274045676897
23,3028.079155815972,12.02679805450345
23,3181.410183376736,11.894916639338621
23,3331.9270833333335,11.609016080466894
23,3485.257161458333,11.895260192243915
23,3649.956732855903,13.105833763551935
23,3821.524522569445,13.88271339595204
23,3993.2252332899307,13.89812117574724
23,4165.65700954861,13.983420441400458
23,4338.878716362848,14.076174870816171
23,4512.352023654515,14.10579293231017
23,4685.215793185764,14.03412114916612
23,4863.153347439236,14.645369195446841
23,5059.239366319444,17.053948418705826
23,5265.290662977431,18.564407856683097
23,5474.074435763889,19.009125935439226
23,5682.626546223959,18.97085386216147
23,5890.393473307292,18.841855373374802
23,6095.93967013889,18.483063250587566
23,6297.393798828125,17.845143074550922
23,6492.1396891276045,16.85771899545633
23,6679.14577907986,15.795449945582535
23,6863.2741292317705,15.41913201175194
23,7048.697035047744,15.587084171040564
23,7235.108778211806,15.716380276428707
23,7422.216932508682,15.808356952413071
23,7609.982571072049,15.895661975496694
23,7797.866889105903,15.911433625472236
23,7985.324435763889,15.85465189643503
23,8173.090074327256,15.89560113598094
23,8361.090223524307,15.926853323630462
23,8548.915676540799,15.90364745830173
23,8736.677042643229,15.894996096082236
23,8924.04106987847,15.842198920456273
23,9109.208577473959,15.554205657167278
23,9289.751383463543,14.964149607095933
23,9473.206583658854,15.333097162549587
23,9659.459771050348,15.695773182914676
23,9846.347181532119,15.779158984459878
23,10033.260226779514,15.782528278405291
23,10220.298597547742,15.79902119907876
23,10407.262912326389,15.789328695572484
23,10593.994377983941,15.758533230571105
23,10780.972222222223,15.791194787243736
23,10968.195258246527,15.823502888759696
23,11155.337117513021,15.812895868829386
24,142.39827473958334,10.810777321673168
24,284.75762261284723,10.807040725969756
24,427.0789930555556,10.803379057803653
24,569.2494032118055,10.788904564043072
24,711.4198133680555,10.788906877555794
24,853.6908637152777,10.798572627791543
24,995.8470323350695,10.787557794004822
24,1137.6053873697915,10.749435824561788
24,1278.4029134114583,10.657741341827457
24,1418.0069986979167,10.54450645282741
24,1556.0834418402778,10.400627981977848
24,1694.508327907986,10.433341170938181
24,1833.3110894097222,10.46886801621089
24,1971.3077799479167,10.393134046805889
24,2111.8318684895835,10.6320402887394
24,2259.8375108506943,11.358393416003375
24,2412.215304904514,11.79752732924257
24,2565.9375,11.934952700212337
24,2719.6815321180557,11.937171892688843
24,2873.4654405381943,11.941274045676897
24,3028.079155815972,12.02679805450345
24,3181.410183376736,11.894916639338621
24,3331.9270833333335,11.609016080466894
24,3485.257161458333,11.895260192243915
24,3649.956732855903,13.105833763551935
24,3821.524522569445,13.88271339595204
24,3993.2252332899307,13.89812117574724
24,4165.65700954861,13.983420441400458
24,4338.878716362848,14.076174870816171
24,4512.352023654515,14.10579293231017
24,4685.215793185764,14.03412114916612
24,4863.153347439236,14.645369195446841
24,5059.239366319444,17.053948418705826
24,5265.290662977431,18.564407856683097
24,5474.074435763889,19.009125935439226
24,5682.626546223959,18.97085386216147
24,5890.393473307292,18.841855373374802
24,6095.93967013889,18.483063250587566
24,6297.393798828125,17.845143074550922
24,6492.1396891276045,16.85771899545633
24,6679.14577907986,15.795449945582535
24,6863.2741292317705,15.41913201175194
24,7048.697035047744,15.587084171040564
24,7235.108778211806,15.716380276428707
24,7422.216932508682,15.808356952413071
24,7609.982571072049,15.895661975496694
24,7797.866889105903,15.911433625472236
24,7985.324435763889,15.85465189643503
24,8173.090074327256,15.89560113598094
24,8361.090223524307,15.926853323630462
24,8548.915676540799,15.90364745830173
24,8736.677042643229,15.894996096082236
24,8924.04106987847,15.842198920456273
24,9109.209526909723,15.554226338995951
24,9289.561971028646,14.940533485144105
24,9472.149386935764,15.222201910247023
24,9657.40709092882,15.565506421676847
24,9843.709648980035,15.702147239263882
24,10030.448710123697,15.759474871035541
24,10217.478298611111,15.797857044657862
24,10404.447835286457,15.790071133205688
24,10591.17930094401,15.75853323057077
24,10778.149549696182,15.790070980206682
24,10965.372823079428,15.823643877387225
24,11152.325981987848,15.787783772020235
24,11336.773579915363,15.460616918552626
24,11521.471828884549,15.493369703727256
24,11718.854302300348,17.246112915076882
24,11939.942999945746,21.230227969332034
25,142.39827473958334,10.810777321673168
25,284.75762261284723,10.807040725969756
25,427.0789930555556,10.803379057803653
25,569.2494032118055,10.788904564043072
25,711.4198133680555,10.788906877555794
25,853.6908637152777,10.798572627791543
25,995.8470323350695,10.787557794004822
25,1137.6053873697915,10.749435824561788
25,1278.4029134114583,10.657741341827457
25,1418.0069986979167,10.54450645282741
25,1556.0834418402778,10.400627981977848
25,1694.508327907986,10.433341170938181
25,1833.3110894097222,10.46886801621089
25,1971.3077799479167,10.393134046805889
25,2111.8318684895835,10.6320402887394
25,2259.8375108506943,11.358393416003375
25,2412.215304904514,11.79752732924257
25,2565.9375,11.934952700212337
25,2719.6815321180557,11.937171892688843
25,2873.4654405381943,11.941274045676897
25,3028.079155815972,12.02679805450345
25,3181.410183376736,11.894916639338621
25,3331.9270833333335,11.609016080466894
25,3485.257161458333,11.895260192243915
25,3649.956732855903,13.105833763551935
25,3821.524522569445,13.88271339595204
25,3993.2252332899307,13.89812117574724
25,4165.65700954861,13.983420441400458
25,4338.878716362848,14.076174870816171
25,4512.352023654515,14.10579293231017
25,4685.215793185764,14.03412114916612
25,4863.153347439236,14.645369195446841
25,5059.239366319444,17.053948418705826
25,5265.290662977431,18.564407856683097
25,5474.074435763889,19.009125935439226
25,5682.626546223959,18.97085386216147
25,5890.393473307292,18.841855373374802
25,6095.93967013889,18.483063250587566
25,6297.393798828125,17.845143074550922
25,6492.1396891276045,16.85771899545633
25,6679.14577907986,15.795449945582535
25,6863.2741292317705,15.41913201175194
25,7048.697035047744,15.587084171040564
25,7235.108778211806,15.716380276428707
25,7422.216932508682,15.808356952413071
25,7609.982571072049,15.895661975496694
25,7797.866889105903,15.911433625472236
25,7985.324435763889,15.85465189643503
25,8173.090074327256,15.89560113598094
25,8361.090223524307,15.926853323630462
25,8548.915676540799,15.90364745830173
25,8736.677042643229,15.894996096082236
25,8924.04106987847,15.842198920456273
25,9109.209526909723,15.554226338995951
25,9289.561971028646,14.940533485144105
25,9472.149386935764,15.222201910247023
25,9657.40709092882,15.565506421676847
25,9843.709648980035,15.702147239263882
25,10030.448710123697,15.759474871035541
25,10217.612643771701,15.815788216955918
26,142.39827473958334,10.810777321673168
26,284.75762261284723,10.807040725969756
26,427.0789930555556,10.803379057803653
26,569.2494032118055,10.788904564043072
26,711.4198133680555,10.788906877555794
26,853.6908637152777,10.798572627791543
26,995.8470323350695,10.787557794004822
26,1137.6053873697915,10.749435824561788
26,1278.4029134114583,10.657741341827457
26,1418.0069986979167,10.54450645282741
26,1556.0834418402778,10.400627981977848
26,1694.508327907986,10.433341170938181
26,1833.3110894097222,10.46886801621089
26,1971.3077799479167,10.393134046805889
26,2111.8318684895835,10.6320402887394
26,2259.8375108506943,11.358393416003375
26,2412.215304904514,11.79752732924257
26,2565.9375,11.934952700212337
26,2719.6815321180557,11.937171892688843
26,2873.4654405381943,11.941274045676897
26,3028.079155815972,12.02679805450345
26,3181.410183376736,11.894916639338621
26,3331.9270833333335,11.609016080466894
26,3485.257161458333,11.895260192243915
26,3649.956732855903,13.105833763551935
26,3821.524522569445,13.88271339595204
26,3993.2252332899307,13.89812117574724
26,4165.65700954861,13.983420441400458
26,4338.878716362848,14.076174870816171
26,4512.352023654515,14.10579293231017
26,4685.215793185764,14.03412114916612
26,4863.153347439236,14.645369195446841
26,5059.239366319444,17.053948418705826
26,5265.290662977431,18.564407856683097
26,5474.074435763889,19.009125935439226
26,5682.626546223959,18.97085386216147
26,5890.393473307292,18.841855373374802
26,6095.93967013889,18.483063250587566
26,6297.393798828125,17.845143074550922
26,6492.1396891276045,16.85771899545633
26,6679.14577907986,15.795449945582535
26,6863.2741292317705,15.41913201175194
26,7048.697035047744,15.587084171040564
26,7235.108778211806,15.716380276428707
26,7422.216932508682,15.808356952413071
26,7609.982571072049,15.895661975496694
26,7797.866889105903,15.911433625472236
26,7985.324435763889,15.85465189643503
26,8173.090074327256,15.89560113598094
26,8361.090223524307,15.926853323630462
26,8548.915676540799,15.90364745830173
26,8736.677042643229,15.894996096082236
26,8924.04106987847,15.842198920456273
26,9109.208102756076,15.554165780518975
26,9288.109334309896,14.761103443130693
27,142.39827473958334,10.810777321673168
27,284.75762261284723,10.807040725969756
27,427.0789930555556,10.803379057803653
27,569.2494032118055,10.788904564043072
27,711.4198133680555,10.788906877555794
27,853.6908637152777,10.798572627791543
27,995.8470323350695,10.787557794004822
27,1137.6053873697915,10.749435824561788
27,1278.4029134114583,10.657741341827457
27,1418.0069986979167,10.54450645282741
27,1556.0834418402778,10.400627981977848
27,1694.508327907986,10.433341170938181
27,1833.3110894097222,10.46886801621089
27,1971.3077799479167,10.393134046805889
27,2111.8318684895835,10.6320402887394
27,2259.8375108506943,11.358393416003375
27,2412.215304904514,11.79752732924257
27,2565.9375,11.934952700212337
27,2719.6815321180557,11.937171892688843
27,2873.4654405381943,11.941274045676897
27,3028.079155815972,12.02679805450345
27,3181.410183376736,11.894916639338621
27,3331.9270833333335,11.609016080466894
27,3485.257161458333,11.895260192243915
27,3649.956732855903,13.105833763551935
27,3821.524522569445,13.88271339595204
27,3993.2252332899307,13.89812117574724
27,4165.65700954861,13.983420441400458
27,4338.878716362848,14.076174870816171
27,4512.352023654515,14.10579293231017
27,4685.215793185764,14.03412114916612
27,4863.153347439236,14.645369195446841
27,5059.239366319444,17.053948418705826
27,5265.290662977431,18.564407856683097
27,5474.074435763889,19.009125935439226
27,5682.626546223959,18.97085386216147
27,5890.393473307292,18.841855373374802
27,6095.93967013889,18.483063250587566
27,6297.393798828125,17.845143074550922
27,6492.1396891276045,16.85771899545633
27,6679.14577907986,15.795449945582535
27,6863.2741292317705,15.41913201175194
27,7048.697035047744,15.587084171040564
27,7235.118747287326,15.717700066326545
27,7421.914537217881,15.76702971279412
28,142.39827473958334,10.810777321673168
28,284.75762261284723,10.807040725969756
28,427.0789930555556,10.803379057803653
28,569.2494032118055,10.788904564043072
28,711.4198133680555,10.788906877555794
28,853.6908637152777,10.798572627791543
28,995.8470323350695,10.787557794004822
28,1137.6053873697915,10.749435824561788
28,1278.4029134114583,10.657741341827457
28,1418.0069986979167,10.54450645282741
28,1556.0834418402778,10.400627981977848
28,1694.508327907986,10.433341170938181
28,1833.3110894097222,10.46886801621089
28,1971.3077799479167,10.393134046805889
28,2111.8318684895835,10.6320402887394
28,2259.8375108506943,11.358393416003375
28,2412.215304904514,11.79752732924257
28,2565.9375,11.934952700212337
28,2719.6815321180557,11.937171892688843
28,2873.4654405381943,11.941274045676897
28,3028.079155815972,12.02679805450345
28,3181.410183376736,11.894916639338621
28,3331.9270833333335,11.609016080466894
28,3485.257161458333,11.895260192243915
28,3649.956732855903,13.105833763551935
28,3821.524522569445,13.88271339595204
28,3993.2252332899307,13.89812117574724
28,4165.65700954861,13.983420441400458
28,4338.878716362848,14.076174870816171
28,4512.352023654515,14.10579293231017
28,4685.215793185764,14.03412114916612
28,4863.153347439236,14.645369195446841
28,5059.239366319444,17.053948418705826
28,5265.290662977431,18.564407856683097
28,5474.074435763889,19.009125935439226
28,5682.626546223959,18.97085386216147
28,5890.393473307292,18.841855373374802
28,6095.971950954861,18.488220895813743
28,6298.955620659722,18.07975805996946
29,142.39827473958334,10.810777321673168
29,284.75762261284723,10.807040725969756
29,427.0789930555556,10.803379057803653
29,569.2494032118055,10.788904564043072
29,711.4198133680555,10.788906877555794
29,853.6908637152777,10.798572627791543
29,995.8470323350695,10.787557794004822
29,1137.6053873697915,10.749435824561788
29,1278.4029134114583,10.657741341827457
29,1418.0069986979167,10.54450645282741
29,1556.0834418402778,10.400627981977848
29,1694.508327907986,10.433341170938181
29,1833.3110894097222,10.46886801621089
29,1971.3077799479167,10.393134046805889
29,2111.8318684895835,10.6320402887394
29,2259.8375108506943,11.358393416003375
29,2412.215304904514,11.79752732924257
29,2565.9375,11.934952700212337
29,2719.6815321180557,11.937171892688843
29,2873.4654405381943,11.941274045676897
29,3028.079155815972,12.02679805450345
29,3181.410183376736,11.894916639338621
29,3331.9270833333335,11.609016080466894
29,3485.257161458333,11.895260192243915
29,3649.956732855903,13.105833763551935
29,3821.524522569445,13.88271339595204
29,3993.2252332899307,13.89812117574724
29,4165.65700954861,13.983420441400458
29,4338.896755642361,14.078313153413392
29,4512.577039930556,14.130259264231801
30,142.39827473958334,10.810777321673168
30,284.75762261284723,10.807040725969756
30,427.0789930555556,10.803379057803653
30,569.2494032118055,10.788904564043072
30,711.4198133680555,10.788906877555794
30,853.6908637152777,10.798572627791543
30,995.8470323350695,10.787557794004822
30,1137.6053873697915,10.749435824561788
30,1278.4029134114583,10.657741341827457
30,1418.0069986979167,10.54450645282741
30,1556.0834418402778,10.400627981977848
30,1694.508327907986,10.433341170938181
30,1833.3110894097222,10.46886801621089
30,1971.3077799479167,10.393134046805889
30,2111.8318684895835,10.6320402887394
30,2259.8375108506943,11.358393416003375
30,2412.215304904514,11.79752732924257
30,2565.9375,11.934952700212337
30,2719.6815321180557,11.937171892688843
30,2873.4654405381943,11.941274045676897
30,3028.079155815972,12.02679805450345
30,3181.410183376736,11.894916639338621
30,3331.649848090278,11.581151960186425
30,3480.199517144097,11.412061977055561
31,142.39827473958334,10.810777321673168
31,284.75762261284723,10.807040725969756
31,427.0789930555556,10.803379057803653
31,569.2494032118055,10.788904564043072
31,711.4198133680555,10.788906877555794
31,853.6908637152777,10.798572627791543
31,995.8470323350695,10.787557794004822
31,1137.6053873697915,10.749435824561788
31,1278.4029134114583,10.657741341827457
31,1418.0069986979167,10.54450645282741
31,1556.0834418402778,10.400627981977848
31,1694.508327907986,10.433341170938181
31,1833.3110894097222,10.46886801621089
31,1971.0628255208333,10.370200947557562
31,2107.107476128472,10.211061312891488
32,142.39827473958334,10.810777321673168
32,284.75762261284723,10.807040725969756
32,427.0789930555556,10.803379057803653
32,569.2494032118055,10.788904564043072
32,711.4198133680555,10.788906877555794
32,853.6908637152777,10.798572627791543
32,995.8470323350695,10.787557794004822
32,1137.5664605034722,10.745710389936503
32,1278.5377332899307,10.674281391053716
32,1418.9592827690972,10.621965879341374




37,11217.689412434896,14.128820731814942
37,11388.29115125868,13.77076505922962
37,11561.927524142795,14.126245062050804
37,11752.401902940539,16.27377917352316
37,11968.701409233941,20.32542696915622
37,12192.67093234592,21.78147286685371
37,12416.326429578994,21.718084055527868
37,12639.434339735242,21.60855971835409
38,9294.9609375,13.654475761977201
38,9466.992051866318,13.936646827213448
38,9640.342881944445,14.091404567472065
38,9814.178873697916,14.148678037202513
38,9988.404608832465,14.194920748350901
38,10162.871738009982,14.223547396666413
38,10337.396308051215,14.23032834929551
38,10511.64316813151,14.197426343281965
38,10685.869377983941,14.19490713796333
38,10860.533752441406,14.247084790016341
38,11035.20026312934,14.24725903881043
38,11209.858940972223,14.24630490098469
39,7637.377115885417,14.465505421450194
39,7813.900485568577,14.470119632652187
39,7990.582411024306,14.489292242437177
39,8167.454223632812,14.512289806471735
39,8344.469875759549,14.529751213502202
39,8521.583794487848,14.541648570696797
39,8698.758002387152,14.548974765456467
39,8875.779825846355,14.530473458421193
39,9051.7041015625,14.397905342652738
39,9224.467230902777,14.02250209168168
39,9395.90067545573,13.867048588000417
39,9568.817138671875,14.040305942643965
39,9742.451850043402,14.124914949410861
39,9916.541815863715,14.178740679370485
39,10090.959099663629,14.21764956272741
39,10265.483669704861,14.23032834929551
39,10439.85348171658,14.212051449291383
39,10614.07969156901,14.194907137963183
39,10788.562249077691,14.225434399581397
39,10963.22947184245,14.24731712174189
39,11137.692328559027,14.223094232385202
39,11309.782070583768,13.943592434666071
39,11480.560641818576,13.791380361602258
39,11661.039835611979,14.960502941948077
39,11866.400180392797,18.473110287778248
39,12089.179704454209,21.544490608357783
39,12313.018561469184,21.755182334692556
39,12536.40643649631,21.66451398267203
40,5620.523952907986,15.809863055560829
40,5806.868760850695,15.70762353371601
40,5991.727701822917,15.513733167905436
40,6174.282362196181,15.217807677087439
40,6354.096001519098,14.87344896448047
40,6530.493096245659,14.45505420244957
40,6704.0452067057295,14.115184497435328
40,6877.603013780382,14.11585542983848
40,7052.914428710937,14.324373845585429
40,7229.158189561631,14.436338319217509
40,7405.711941189235,14.473790232909792
40,7582.249077690973,14.471730839791656
40,7758.777669270832,14.470762206195012
40,7935.435384114584,14.48633999310429
40,8112.203233506944,14.499671795556386
40,8289.218885633682,14.529751213502202
40,8466.283433702258,14.535652648339425
40,8643.457641601562,14.549028780183335
40,8820.574883355035,14.542029362089208
40,8996.967230902777,14.454343879668032
40,9170.966050889758,14.168239248400472
40,9342.220526801215,13.846242419590125
40,9514.703572591146,13.989450293169583
40,9688.222452799479,14.111184645929749
40,9862.193739149307,14.164745746490157
40,10036.509670681424,14.205618374948958
40,10211.010267469619,14.227534447549013
40,10385.472886827258,14.222970034278214
40,10559.699096679688,14.195011713742586
40,10734.043748643662,14.208953587772628
40,10908.71097140842,14.247422205176356
40,11083.375345865885,14.246979709845547
40,11258.028327094184,14.245735179148259
41,3678.0011664496524,14.041321813446114
41,3850.0550672743057,13.939309693087083
41,4021.79185655382,13.902287986560891
41,4194.437255859375,14.008474109943222
41,4367.711181640625,14.082280771696903
41,4541.144612630208,14.101150752004788
41,4713.834635416667,14.013688528198884
41,4889.157443576389,14.326469088732772
41,5072.089979383681,15.266395762117156
41,5258.640814887152,15.734824622283844
41,5446.229383680556,15.872045384124043
41,5633.453369140625,15.823704060343436
41,5819.742160373264,15.700269011819683
41,6004.443495008681,15.493275991535285
41,6186.8438720703125,15.198244880430353
41,6366.41350640191,14.843163268356834
41,6542.596028645834,14.429238191862908
41,6716.027560763889,14.100918611532657
41,6889.667019314235,14.125508931822477
41,7065.104234483507,14.339420198810195
41,7241.384073893229,14.440683992400045
41,7417.93735080295,14.473751315769876
41,7594.473063151041,14.471560459272638
41,7771.001654730903,14.470762206195236
41,7947.6702880859375,14.487665031643617
41,8124.46044921875,14.502416256230765
41,8301.476576063367,14.529790179167875
41,8478.552042643229,14.536980606847834
41,8655.725775824652,14.548935783154516
41,8832.823079427082,14.539690729302801
41,9009.130452473957,14.444009437631308
41,9182.835422092014,14.133489306288148
41,9354.090847439236,13.846369797416331
41,9526.681654188367,14.002041198089666
41,9700.242309570312,14.116138996139208
41,9874.247775607639,14.168728256667938
41,10048.586730957031,14.208279906262996
41,10223.09563530816,14.228526482254319
41,10397.537604437935,14.22065755817814
41,10571.763814290365,14.194907137963183
41,10746.139085557727,14.212705899694258
41,10920.806308322482,14.247317121741888
41,11095.450981987846,14.24463732576129
41,11268.343471950955,14.037637931414356
41,11438.678656684027,13.740022866353906
41,11615.502285427518,14.508820725319554
41,11814.03096516927,17.423624723238195
41,12034.780951605902,21.151238498726745
41,12258.716413709852,21.774713698509476
41,12482.208964029947,21.685505079972472
41,12705.147399902344,21.574762858992866
42,2263.098822699653,10.434556365457976
42,2401.5578884548613,10.436539729654644
42,2540.099555121528,10.444296370270264
42,2678.710530598958,10.450803703975126
42,2817.142062717014,10.433948761986588
42,2956.131863064236,10.486497180729987
42,3095.1700846354165,10.491063006698285
42,3232.184109157986,10.301306303090863
42,3368.0122884114585,10.191001002376222
42,3511.5024142795137,10.917575670013699
42,3673.3422851562495,12.794752192841345
42,3844.8550075954863,13.8762777240281
42,4016.566162109375,13.899322595874077
42,4189.191623263889,14.006111305732224
42,4362.455105251736,14.081121548209863
42,4535.896131727431,14.102001580678852
42,4708.616536458333,14.017233977757629
42,4883.73046875,14.301369863013749
42,5066.469319661458,15.241835857366963
42,5252.972683376736,15.728601332209799
42,5440.547010633681,15.870172593181922
42,5627.789984809027,15.826155574577374
42,5814.111056857639,15.704545454545473
42,5998.881700303819,15.502205751264068
42,6181.3494873046875,15.206783320334145
42,6361.025933159723,14.856433922483438
42,6537.3024495442705,14.440518738819478
42,6710.786675347222,14.107121586447242
42,6884.390530056424,14.121314146176454
42,7059.772203233507,14.332814826583533
42,7236.036376953125,14.438812431948007
42,7412.589653862847,14.473751315769876
42,7589.126315646701,14.4716919245265
42,7765.6549072265625,14.470708575621964
42,7942.318793402777,14.487114606041699
42,8119.098985460069,14.501222004235418
42,8296.115112304688,14.5297901791678
42,8473.18583170573,14.536375074695052
42,8650.359564887152,14.548935783154365
42,8827.465413411457,14.540716104557387
42,9003.810289171006,14.448580318942064
42,9177.643432617188,14.148602402190315
42,9348.898857964408,13.846369797416184
42,9521.442667643229,13.996585566223896
42,9694.984334309896,14.113919908223101
42,9868.974609375,14.16696975832399
42,10043.303595648871,14.207101011403639
42,10217.809176974826,14.228150642514484
42,10392.259928385418,14.221687994810546
42,10566.486375596787,14.194926476546673
42,10740.848592122395,14.211013442306498
42,10915.515814887152,14.247422205176209
42,11090.18042670356,14.246999070680053
42,11264.831034342447,14.245331445260478
43,923.3177354600696,12.454506062591127
43,1081.070285373264,12.354348450521067
43,1237.0018174913196,12.163570189174328
43,1389.2789713541665,11.78747645349624
43,1533.3159722222222,10.96979823308689
43,1671.95068359375,10.45306543695229
43,1810.7923719618057,10.47251819758253
43,1948.8232421874998,10.396372022621193
43,2085.7328287760415,10.291495182585962
43,2223.1228298611113,10.336363705937936
43,2361.174587673611,10.39829049642007
43,2499.62890625,10.436092992823108
43,2638.2398817274307,10.45080370397516
43,2776.679009331597,10.43466348611346
43,2915.4855685763887,10.469243700917621
43,3054.687093098958,10.50644941136325
43,3192.491997612847,10.375192320784272
43,3328.086615668403,10.169354975433924
43,3468.0362955729165,10.577951601576702
43,3624.2754448784726,12.199677688678394
43,3794.7276475694443,13.753951388572146
43,3966.4245605468755,13.897635763806976
43,4138.712022569444,13.966570886140879
43,4311.815999348958,14.062319918464095
43,4485.298800998264,14.106927984912005
43,4658.314480251736,14.051972944986776
43,4831.807725694444,14.108425584481832
43,5012.53662109375,14.988335339310105
43,5198.339301215278,15.636778022981577
43,5385.775960286458,15.85185482575864
43,5573.204074435765,15.850829130646023
43,5759.831814236111,15.744973738714469
43,5945.145534939236,15.572638369654419
43,6128.344387478299,15.299993203469226
43,6308.881971571181,14.963604648112707
43,6486.2109375,14.568065073263128
43,6660.264824761284,14.174549611743744
43,6833.522610134548,14.08047750796396
43,7008.374972873265,14.26952281859141
43,7184.487236870659,14.42049392131024
43,7361.040988498264,14.473790232909716
43,7537.584771050348,14.472543845344264
43,7714.113362630209,14.470708575621813
43,7890.732150607639,14.481644591243162
43,8067.415025499131,14.489423825590432
43,8244.43115234375,14.529790179167875
43,8421.455349392361,14.530776139121624
43,8598.629557291666,14.548974765456467
43,8775.803290473092,14.548935783154665
43,8952.506103515625,14.491864884406393
43,9127.34137641059,14.267549070247705
43,9298.846978081598,13.875422470299217
43,9470.93743218316,13.943599051955522
43,9644.302978515625,14.093066974409124
43,9818.149888780381,14.150035327106995
43,9992.38274468316,14.195762362232635
43,10166.85295952691,14.223903812697147
43,10341.377766927084,14.230347702992796
43,10515.617743598092,14.196551711435571
43,10689.851311577691,14.195820379265504
43,10864.518771701389,14.247336482718897
43,11039.181484646268,14.246844184005354
43,11213.003234863281,14.147154495477839
43,11383.666924370658,13.777978019811798
43,11557.056681315104,14.096952053284143
43,11746.849365234375,16.18028607108999
43,11962.628106011285,20.23213831518954
43,12186.574961344402,21.7769703637599
43,12410.242445203992,21.720392310528762
43,12633.37171766493,21.612900047296232
44,157.86838107638889,12.366518978564843
44,315.69023980034723,12.3616187462243
44,473.397216796875,12.349514099081349
44,631.04248046875,12.342993680246822
44,788.9070638020834,12.366127050123776
44,947.1077473958334,12.401651062615711
44,1104.6409776475693,12.331212738257268
44,1260.13671875,12.118223711070982
44,1411.585964626736,11.703463280976361
44,1554.1475423177083,10.82721436242037
44,1692.7689615885417,10.451813805322416
44,1831.5783691406248,10.469494230297043
44,1969.3804253472224,10.374898415408031
44,2106.2577311197915,10.288509180625338
44,2243.791097005208,10.349745850940058
44,2381.9264051649307,10.406142873929065
44,2520.412055121528,10.439041596589275
44,2659.0230305989585,10.45080370397516
44,2797.4583604600693,10.434306121614402
44,2936.3589138454863,10.478083817631193
44,3075.476888020833,10.498567012630723
44,3212.888726128472,10.33845494467365
44,3348.5365125868057,10.174273971487958
44,3490.1429578993057,10.736030273738715
44,3649.3111165364585,12.508198352157887
44,3820.4696994357637,13.835303146584776
44,3992.1704101562495,13.89812117574724
44,4164.591742621528,13.982240276881617
44,4337.8125,14.076046004544594
44,4511.286756727431,14.105921992268717
44,4684.145779079861,14.033581213019955
44,4858.382432725695,14.196647032170416
44,5040.203179253473,15.12550351473024
44,5226.395128038194,15.687743557510958
44,5413.902045355902,15.86125357105976
44,5601.235215928819,15.838136811204206
44,5787.705349392361,15.724180130996096
44,5972.772216796875,15.540676087138053
44,6155.583699544271,15.25048182274211
44,6335.697360568577,14.91070031701589
44,6512.476128472222,14.5012665222744
44,6686.2091064453125,14.136548245759366
44,6859.644436306424,14.101434731304877
44,7034.769287109375,14.302050333414547
44,7210.959404839409,14.42986025741656
44,7387.513156467014,14.473736587535617
44,7564.053141276041,14.47212524183323
44,7740.581732855902,14.470762206195163
44,7917.223782009548,14.484410972006405
44,8093.9565022786455,14.495500105683584
44,8270.972629123264,14.529736259087324
44,8448.02008734809,14.53371028380774
44,8625.194295247396,14.548974765456466
44,8802.340969509549,14.545633749484882
44,8978.860541449652,14.469701068829082
44,9153.222045898438,14.211112503178342
44,9324.55057779948,13.854863535820755
44,9496.873643663193,13.970788431932961
44,9670.329861111111,14.10375516956172
44,9844.250352647568,14.158733722496486
44,10018.53281656901,14.201635186065309
44,10193.021070692275,14.226003715553803
44,10367.51478407118,14.226658569490626
44,10541.740993923611,14.195011713742588
44,10716.040785047742,14.20362271853113
44,10890.7080078125,14.24731712174189
44,11065.373806423611,14.247200955879116
44,11240.03224690755,14.246285540435627
45,157.86838107638889,12.366518978564843
45,315.69023980034723,12.3616187462243
45,473.397216796875,12.349514099081349
45,631.04248046875,12.342993680246822
45,788.9070638020834,12.366127050123776
45,947.1077473958334,12.401651062615711
45,1104.6409776475693,12.331212738257268
45,1260.13671875,12.118223711070982
45,1411.585964626736,11.703463280976361
45,1554.1475423177083,10.82721436242037
45,1692.7689615885417,10.451813805322416
45,1831.5783691406248,10.469494230297043
45,1969.3804253472224,10.374898415408031
45,2106.2577311197915,10.288509180625338
45,2243.791097005208,10.349745850940058
45,2381.9264051649307,10.406142873929065
45,2520.412055121528,10.439041596589275
45,2659.0230305989585,10.45080370397516
45,2797.4583604600693,10.434306121614402
45,2936.3589138454863,10.478083817631193
45,3075.476888020833,10.498567012630723
45,3212.888726128472,10.33845494467365
45,3348.5365125868057,10.174273971487958
45,3490.1429578993057,10.736030273738715
45,3649.3111165364585,12.508198352157887
45,3820.4696994357637,13.835303146584776
45,3992.1704101562495,13.89812117574724
45,4164.591742621528,13.982240276881617
45,4337.8125,14.076046004544594
45,4511.286756727431,14.105921992268717
45,4684.145779079861,14.033581213019955
45,4858.382432725695,14.196647032170416
45,5040.203179253473,15.12550351473024
45,5226.395128038194,15.687743557510958
45,5413.902045355902,15.86125357105976
45,5601.235215928819,15.838136811204206
45,5787.705349392361,15.724180130996096
45,5972.772216796875,15.540676087138053
45,6155.583699544271,15.25048182274211
45,6335.697360568577,14.91070031701589
45,6512.476128472222,14.5012665222744
45,6686.2091064453125,14.136548245759366
45,6859.644436306424,14.101434731304877
45,7034.769287109375,14.302050333414547
45,7210.959404839409,14.42986025741656
45,7387.513156467014,14.473736587535617
45,7564.053141276041,14.47212524183323
45,7740.581732855902,14.470762206195163
45,7917.223782009548,14.484410972006405
45,8093.9565022786455,14.495500105683584
45,8270.972629123264,14.529736259087324
45,8448.02008734809,14.53371028380774
45,8625.194295247396,14.548974765456466
45,8802.340969509549,14.545633749484882
45,8978.860541449652,14.469701068829082
45,9153.222045898438,14.211112503178342
45,9324.55057779948,13.854863535820755
45,9496.832817925346,13.965994011339346
45,9670.059746636285,14.07678021646972
46,157.86838107638889,12.366518978564843
46,315.69023980034723,12.3616187462243
46,473.397216796875,12.349514099081349
46,631.04248046875,12.342993680246822
46,788.9070638020834,12.366127050123776
46,947.1077473958334,12.401651062615711
46,1104.6409776475693,12.331212738257268
46,1260.13671875,12.118223711070982
46,1411.585964626736,11.703463280976361
46,1554.1475423177083,10.82721436242037
46,1692.7689615885417,10.451813805322416
46,1831.5783691406248,10.469494230297043
46,1969.3804253472224,10.374898415408031
46,2106.2577311197915,10.288509180625338
46,2243.791097005208,10.349745850940058
46,2381.9264051649307,10.406142873929065
46,2520.412055121528,10.439041596589275
46,2659.0230305989585,10.45080370397516
46,2797.4583604600693,10.434306121614402
46,2936.3589138454863,10.478083817631193
46,3075.476888020833,10.498567012630723
46,3212.888726128472,10.33845494467365
46,3348.5365125868057,10.174273971487958
46,3490.1429578993057,10.736030273738715
46,3649.3111165364585,12.508198352157887
46,3820.4696994357637,13.835303146584776
46,3992.1704101562495,13.89812117574724
46,4164.591742621528,13.982240276881617
46,4337.8125,14.076046004544594
46,4511.286756727431,14.105921992268717
46,4684.145779079861,14.033581213019955
46,4858.382432725695,14.196647032170416
46,5040.203179253473,15.12550351473024
46,5226.395128038194,15.687743557510958
46,5413.902045355902,15.86125357105976
46,5601.235215928819,15.838136811204206
46,5787.705349392361,15.724180130996096
46,5972.772216796875,15.540676087138053
46,6155.583699544271,15.25048182274211
46,6335.697360568577,14.91070031701589
46,6512.476128472222,14.5012665222744
46,6686.2091064453125,14.136548245759366
46,6859.644436306424,14.101434731304877
46,7034.769287109375,14.302050333414547
46,7210.959404839409,14.42986025741656
46,7387.513156467014,14.473736587535617
46,7564.053141276041,14.47212524183323
46,7740.581732855902,14.470762206195163
46,7917.160169813367,14.476779743945267
47,157.86838107638889,12.366518978564843
47,315.69023980034723,12.3616187462243
47,473.397216796875,12.349514099081349
47,631.04248046875,12.342993680246822
47,788.9070638020834,12.366127050123776
47,947.1077473958334,12.401651062615711
47,1104.6409776475693,12.331212738257268
47,1260.13671875,12.118223711070982
47,1411.585964626736,11.703463280976361
47,1554.1475423177083,10.82721436242037
47,1692.7689615885417,10.451813805322416
47,1831.5783691406248,10.469494230297043
47,1969.3804253472224,10.374898415408031
47,2106.2577311197915,10.288509180625338
47,2243.791097005208,10.349745850940058
47,2381.9264051649307,10.406142873929065
47,2520.412055121528,10.439041596589275
47,2659.0230305989585,10.45080370397516
47,2797.4583604600693,10.434306121614402
47,2936.3589138454863,10.478083817631193
47,3075.476888020833,10.498567012630723
47,3212.888726128472,10.33845494467365
47,3348.5365125868057,10.174273971487958
47,3490.1429578993057,10.736030273738715
47,3649.3111165364585,12.508198352157887
47,3820.4696994357637,13.835303146584776
47,3992.1704101562495,13.89812117574724
47,4164.591742621528,13.982240276881617
47,4337.8125,14.076046004544594
47,4511.286756727431,14.105921992268717
47,4684.145779079861,14.033581213019955
47,4858.382432725695,14.196647032170416
47,5040.203179253473,15.12550351473024
47,5226.395128038194,15.687743557510958
47,5413.902045355902,15.86125357105976
47,5601.235215928819,15.838136811204206
47,5787.8173828125,15.73884772187288
47,5974.22390407986,15.715760304022474
48,157.86838107638889,12.366518978564843
48,315.69023980034723,12.3616187462243
48,473.397216796875,12.349514099081349
48,631.04248046875,12.342993680246822
48,788.9070638020834,12.366127050123776
48,947.1077473958334,12.401651062615711
48,1104.6409776475693,12.331212738257268
48,1260.13671875,12.118223711070982
48,1411.585964626736,11.703463280976361
48,1554.1475423177083,10.82721436242037
48,1692.7689615885417,10.451813805322416
48,1831.5783691406248,10.469494230297043
48,1969.3804253472224,10.374898415408031
48,2106.2577311197915,10.288509180625338
48,2243.791097005208,10.349745850940058
48,2381.9264051649307,10.406142873929065
48,2520.412055121528,10.439041596589275
48,2659.0230305989585,10.45080370397516
48,2797.4583604600693,10.434306121614402
48,2936.3589138454863,10.478083817631193
48,3075.476888020833,10.498567012630723
48,3212.888726128472,10.33845494467365
48,3348.5365125868057,10.174273971487958
48,3490.1429578993057,10.736030273738715
48,3649.3111165364585,12.508198352157887
48,3820.4440646701387,13.832346357997006
48,3991.664360894097,13.842264548175939
49,157.86838107638889,12.366518978564843
49,315.69023980034723,12.3616187462243
49,473.397216796875,12.349514099081349
49,631.04248046875,12.342993680246822
49,788.9070638020834,12.366127050123776
49,947.1077473958334,12.401651062615711
49,1104.6409776475693,12.331212738257268
49,1260.13671875,12.118223711070982
49,1411.585964626736,11.703463280976361
49,1554.1475423177083,10.82721436242037
49,1692.7689615885417,10.451813805322416
49,1831.5783691406248,10.469494230297043
49,1969.3804253472224,10.374898415408031
49,2106.2577311197915,10.288509180625338
49,2243.791097005208,10.349745850940058
49,2381.9264051649307,10.406142873929065
49,2520.450032552083,10.442616106378377
49,2659.163547092014,10.460460303470942
50,157.86838107638889,12.366518978564843
50,315.69023980034723,12.3616187462243
50,473.397216796875,12.349514099081349
50,631.04248046875,12.342993680246822
50,788.9070638020834,12.366127050123776
50,947.1077473958334,12.401651062615711
50,1104.6409776475693,12.331212738257268
50,1260.5354817708335,12.159636494916015
50,1415.3011067708333,12.04247905290179
